county_id,amt,cont_cnt
1001,92281.0,1087
1003,1589437.0,3603
1005,46475.0,126
1007,85039.0,775
1009,199125.0,1132
1011,221752.0,1240
1013,64780.0,152
1015,131173.0,1051
1017,88238.0,448
1019,97890.0,683
1021,53631.0,594
1023,3421.0,108
1025,23496.0,149
1027,153869.0,488
1029,126744.0,500
1031,142886.0,1054
1033,102093.0,710
1035,559490.0,1146
1037,81085.0,573
1039,52690.0,920
1041,55331.0,288
1043,249563.0,1169
1045,282714.0,1261
1047,31708.0,249
1049,117247.0,892
1051,226568.0,1831
1053,452631.0,657
1055,137247.0,1034
1057,36179.0,212
1059,341425.0,475
1061,355928.0,932
1063,9682.0,40
1065,10195.0,157
1067,217059.0,507
1069,542770.0,1136
1071,123113.0,802
1073,4455536.0,18994
1075,33730.0,454
1077,164983.0,988
1079,94625.0,518
1081,378498.0,2306
1083,266462.0,1715
1085,28608.0,207
1087,290175.0,1804
1089,2077227.0,9027
1091,18689.0,182
1093,331937.0,337
1095,267306.0,1411
1097,1757097.0,4362
1099,449655.0,655
1101,1423296.0,4233
1103,249785.0,1392
1105,31759.0,258
1107,31379.0,199
1109,53304.0,299
1111,83204.0,296
1113,105340.0,779
1115,181900.0,1742
1117,1629333.0,9093
1119,8441.0,87
1121,77468.0,791
1123,175893.0,560
1125,980046.0,2504
1127,74206.0,486
1129,6775.0,68
1131,24069.0,118
1133,350164.0,630
2013,376.0,4
2016,9912.0,88
2020,2090248.0,12279
2050,12478.0,125
2060,2850.0,39
2068,17434.0,89
2070,6176.0,39
2090,269828.0,2493
2100,8879.0,183
2105,2534.0,44
2110,259303.0,2140
2122,160471.0,1918
2130,48818.0,402
2150,36857.0,466
2164,835.0,6
2170,189585.0,2291
2180,12645.0,349
2185,17786.0,175
2188,10023.0,232
2195,70642.0,222
2198,3994.0,61
2220,45183.0,387
2230,7681.0,47
2240,9363.0,149
2261,23144.0,333
2275,6656.0,82
2282,1086.0,50
2290,4460.0,35
4001,565858.0,876
4003,248983.0,2325
4005,469470.0,5767
4007,117287.0,1111
4009,71376.0,403
4011,2686.0,43
4012,29913.0,200
4013,16884929.0,116280
4015,280951.0,2801
4017,87935.0,1263
4019,5400843.0,45519
4021,1133945.0,9895
4023,294759.0,3052
4025,1038430.0,10117
4027,190642.0,1920
5001,38980.0,166
5003,18092.0,233
5005,60814.0,584
5007,1443443.0,10668
5009,75792.0,501
5011,11397.0,79
5013,17910.0,109
5015,84479.0,718
5017,19849.0,150
5019,24437.0,269
5021,15557.0,97
5023,66836.0,803
5025,39866.0,270
5027,54254.0,111
5029,24734.0,329
5031,272772.0,1308
5033,32804.0,328
5035,38350.0,202
5037,26997.0,175
5039,20821.0,210
5041,12392.0,135
5043,43128.0,168
5045,241179.0,3460
5047,18714.0,190
5049,13510.0,191
5051,276664.0,2062
5053,88458.0,1031
5055,124731.0,755
5057,28365.0,223
5059,198884.0,1585
5061,8342.0,98
5063,45018.0,498
5065,39901.0,456
5067,22114.0,77
5069,97207.0,541
5071,14036.0,274
5073,4541.0,62
5075,14110.0,68
5077,32687.0,217
5079,78086.0,422
5081,8070.0,64
5083,32866.0,672
5085,107608.0,1040
5087,243518.0,2229
5089,78241.0,800
5091,48505.0,409
5093,37796.0,162
5095,6418.0,42
5097,14060.0,145
5099,5426.0,68
5101,35149.0,370
5103,24031.0,174
5105,76115.0,1343
5107,13332.0,253
5109,12212.0,128
5111,23561.0,146
5113,21541.0,228
5115,65495.0,900
5117,42751.0,256
5119,7703608.0,10472
5121,22873.0,203
5123,45427.0,294
5125,199022.0,2392
5127,29168.0,312
5129,16776.0,209
5131,213371.0,1338
5133,8901.0,150
5135,13161.0,230
5137,30729.0,368
5139,176284.0,772
5141,24688.0,290
5143,620296.0,5165
5145,114277.0,629
5147,33675.0,186
5149,20445.0,500
6001,13655291.0,110616
6003,22847.0,281
6005,81416.0,1004
6007,671284.0,6194
6009,138726.0,1670
6011,127477.0,635
6013,11250619.0,90418
6015,42175.0,363
6017,660069.0,6372
6019,2794399.0,13571
6021,54695.0,501
6023,367130.0,5856
6025,138411.0,1006
6027,148502.0,810
6029,2655415.0,11246
6031,711188.0,2508
6033,140759.0,4291
6035,57822.0,353
6037,89254287.0,329389
6039,613270.0,3374
6041,7182714.0,41366
6043,66636.0,911
6045,330382.0,5811
6047,438795.0,2760
6049,50531.0,190
6051,122721.0,1881
6053,1823173.0,15213
6055,1467203.0,12746
6057,536805.0,5698
6059,23239142.0,105807
6061,1439147.0,14764
6063,40907.0,580
6065,5984195.0,46604
6067,4902039.0,53096
6069,88324.0,1895
6071,2832536.0,28601
6073,17449016.0,110617
6075,105800000.0,88284
6077,1231000.0,11138
6079,1020801.0,12791
6081,19272130.0,58905
6083,4257861.0,22533
6085,28678007.0,110573
6087,2136006.0,23673
6089,545567.0,4053
6091,26297.0,313
6093,165785.0,1586
6095,1836736.0,21181
6097,4440948.0,38971
6099,1295714.0,10731
6101,252469.0,1854
6103,206613.0,2385
6105,11844.0,254
6107,1289547.0,6878
6109,164821.0,2025
6111,6587152.0,38906
6113,1427297.0,10729
6115,112955.0,1624
8001,2642912.0,17436
8003,34284.0,338
8005,9239730.0,42976
8007,52292.0,621
8009,9773.0,102
8011,24217.0,556
8013,5431109.0,32177
8014,1244501.0,8054
8015,55886.0,627
8017,24740.0,235
8019,282821.0,1837
8021,30811.0,269
8023,4744.0,73
8025,3687.0,92
8027,19358.0,263
8029,60079.0,722
8031,14998098.0,53745
8033,1685.0,5
8035,2756731.0,19188
8037,1490980.0,4166
8039,513643.0,3853
8041,1438832.0,15153
8043,114936.0,1155
8045,585714.0,2324
8047,139492.0,932
8049,78756.0,694
8051,445426.0,1789
8053,38042.0,459
8055,19055.0,144
8057,24106.0,146
8059,4204189.0,27772
8061,17250.0,513
8063,10978.0,118
8065,5506.0,91
8067,290294.0,2382
8069,2503810.0,19694
8071,60011.0,689
8073,19996.0,301
8075,66452.0,360
8077,317304.0,4151
8079,9504.0,205
8081,15467.0,116
8083,75250.0,764
8085,72135.0,805
8087,65267.0,425
8089,47148.0,646
8091,39309.0,524
8093,93600.0,853
8095,20967.0,101
8097,3201554.0,3879
8099,28257.0,444
8101,268565.0,3152
8103,16131.0,254
8105,44404.0,530
8107,318775.0,1052
8109,48105.0,678
8111,206589.0,1281
8113,276893.0,756
8115,2824.0,17
8117,160417.0,977
8119,359552.0,2886
8121,48655.0,424
8123,1785266.0,13327
8125,74180.0,386
9001,6152570.0,15955
9003,1387645.0,13565
9005,778385.0,5879
9007,451857.0,4436
9009,1249452.0,11821
9011,791419.0,4974
9013,409431.0,4570
9015,102813.0,1765
10001,162155.0,2099
10003,3229484.0,16696
10005,624429.0,4539
11001,68847204.0,166348
12001,861270.0,7463
12003,18632.0,234
12005,863925.0,3623
12007,48457.0,666
12009,1576688.0,10914
12011,11441625.0,35968
12013,29914.0,202
12015,566087.0,4930
12017,236238.0,3173
12019,484680.0,3489
12021,4829693.0,15279
12023,60848.0,758
12027,13831.0,243
12029,22228.0,191
12031,4276696.0,23296
12033,443029.0,4038
12035,562038.0,4831
12037,18594.0,299
12039,41333.0,331
12041,283818.0,699
12043,62944.0,556
12045,27165.0,145
12047,9037.0,123
12049,24567.0,272
12051,268932.0,1394
12053,242006.0,1877
12055,124356.0,1305
12057,4008507.0,31723
12059,107620.0,317
12061,2745257.0,5941
12063,129784.0,530
12065,197862.0,1228
12067,9234.0,74
12069,1387056.0,10548
12071,2944870.0,19023
12073,1091176.0,7014
12075,330075.0,1020
12077,11777.0,232
12079,16732.0,159
12081,1287521.0,9980
12083,1031884.0,7567
12085,3257300.0,9603
12086,16682702.0,42658
12087,818143.0,4565
12089,290318.0,2371
12091,360410.0,2976
12093,21586.0,224
12095,5790920.0,25958
12097,322421.0,4244
12099,26350118.0,44004
12101,784148.0,7694
12103,3776720.0,23945
12105,998001.0,7883
12107,160573.0,1389
12109,1843941.0,9880
12111,737506.0,5930
12113,253178.0,2412
12115,3289332.0,18505
12117,1760346.0,9993
12119,929179.0,5142
12121,53265.0,643
12123,25015.0,232
12125,4153.0,38
12127,1220806.0,8254
12129,19036.0,248
12131,555221.0,2938
12133,40605.0,400
13001,90813.0,508
13003,16705.0,108
13005,40828.0,162
13007,86112.0,272
13009,131489.0,949
13011,106165.0,694
13013,231437.0,2040
13015,399396.0,3223
13017,30593.0,110
13019,98420.0,497
13021,337551.0,1608
13023,55233.0,450
13025,24853.0,225
13027,64786.0,437
13029,109912.0,843
13031,118801.0,791
13033,38077.0,266
13035,134074.0,1234
13037,49212.0,236
13039,42237.0,505
13043,21723.0,154
13045,380889.0,1535
13047,44736.0,782
13049,14842.0,94
13051,865292.0,5695
13053,4203.0,30
13055,69845.0,516
13057,1980178.0,15083
13059,425962.0,3387
13061,19186.0,59
13063,533670.0,5263
13065,23237.0,77
13067,3881386.0,26926
13069,66151.0,299
13071,105356.0,479
13073,512140.0,3261
13075,25941.0,264
13077,310382.0,2827
13079,30531.0,345
13081,45364.0,203
13083,24333.0,145
13085,224289.0,2178
13087,78076.0,187
13089,9306494.0,48496
13091,89620.0,797
13093,33369.0,166
13095,123678.0,816
13097,292095.0,3240
13099,43410.0,194
13101,14667.0,85
13103,59224.0,764
13105,18528.0,205
13107,49653.0,333
13109,54763.0,411
13111,88019.0,1059
13113,581075.0,5430
13115,273097.0,1419
13117,2499660.0,10928
13119,79841.0,622
13121,27804597.0,83752
13123,127788.0,1581
13125,3180.0,63
13127,298341.0,1345
13129,59176.0,809
13131,198322.0,720
13133,267711.0,2022
13135,3248249.0,21434
13137,135012.0,789
13139,893875.0,6009
13141,107985.0,725
13143,43250.0,308
13145,207963.0,1317
13147,76746.0,671
13149,140559.0,1171
13151,350608.0,3773
13153,290112.0,3576
13155,68520.0,219
13157,307334.0,2430
13159,104942.0,726
13161,36027.0,207
13163,14570.0,84
13165,6230.0,42
13167,15210.0,245
13169,207838.0,1052
13171,89713.0,624
13173,44972.0,321
13175,182468.0,913
13177,97562.0,635
13179,26822.0,1020
13181,13172.0,172
13183,23135.0,927
13185,115836.0,743
13187,148399.0,1676
13189,50000.0,275
13191,9896.0,77
13193,98852.0,547
13195,74906.0,563
13197,4835.0,36
13199,122983.0,868
13201,36673.0,167
13205,57119.0,194
13207,241031.0,1245
13209,17313.0,158
13211,111069.0,807
13213,48362.0,750
13215,956977.0,4634
13217,209337.0,2304
13219,518957.0,4004
13221,25692.0,215
13223,388478.0,4402
13225,67179.0,409
13227,174910.0,1995
13229,51217.0,278
13231,52331.0,385
13233,39145.0,351
13235,61553.0,519
13237,141115.0,959
13239,785.0,5
13241,86564.0,860
13243,14027.0,185
13245,532167.0,2738
13247,261400.0,3649
13249,8508.0,38
13251,15838.0,78
13253,19158.0,137
13255,115517.0,1391
13257,47028.0,166
13259,2670.0,26
13261,30454.0,179
13263,10431.0,126
13265,18618.0,173
13267,45335.0,281
13269,50697.0,205
13271,4955.0,72
13273,83140.0,276
13275,469526.0,935
13277,135905.0,517
13279,31484.0,242
13281,42787.0,431
13283,21123.0,191
13285,142646.0,672
13287,25502.0,61
13289,31890.0,680
13291,121657.0,1523
13293,61964.0,254
13295,92808.0,934
13297,285812.0,3028
13299,81764.0,359
13301,18272.0,223
13303,64815.0,454
13305,43720.0,287
13307,2535.0,10
13309,3170.0,50
13311,159025.0,1442
13313,128033.0,1071
13315,52621.0,245
13317,31627.0,338
13319,196028.0,1261
13321,102091.0,385
15001,639599.0,6055
15003,2225033.0,18376
15005,0.0,0
15007,220316.0,2504
15009,739790.0,5508
16001,1217218.0,10978
16003,22854.0,338
16005,106461.0,1306
16007,7559.0,72
16009,14056.0,185
16011,301306.0,1280
16013,515179.0,1602
16015,270195.0,2090
16017,224385.0,1120
16019,273950.0,1249
16021,9960.0,120
16023,530.0,5
16025,13388.0,42
16027,195611.0,2387
16029,5951.0,41
16031,179396.0,476
16033,0.0,0
16035,8309.0,83
16037,4039.0,22
16039,88325.0,810
16041,2882.0,40
16043,25838.0,278
16045,256155.0,1541
16047,65564.0,306
16049,9644.0,144
16051,106900.0,718
16053,171530.0,1040
16055,341248.0,3643
16057,151323.0,901
16059,11824.0,119
16061,9277.0,136
16063,66046.0,282
16065,72501.0,349
16067,143681.0,415
16069,47852.0,573
16071,4543.0,20
16073,25354.0,278
16075,43793.0,402
16077,64393.0,332
16079,15856.0,272
16081,66236.0,298
16083,150350.0,1243
16085,25402.0,406
16087,16878.0,103
17001,156989.0,745
17003,9065.0,155
17005,68985.0,579
17007,412473.0,4723
17009,27081.0,118
17011,134375.0,988
17013,4848.0,46
17015,81874.0,695
17017,19578.0,231
17019,460927.0,5254
17021,84418.0,636
17023,52421.0,568
17025,13959.0,302
17027,102930.0,963
17029,70659.0,781
17031,43171072.0,181810
17033,14336.0,245
17035,140070.0,756
17037,514941.0,3518
17039,32015.0,326
17041,12702.0,144
17043,6647940.0,35699
17045,39862.0,397
17047,2372.0,25
17049,148014.0,425
17051,26306.0,240
17053,36235.0,533
17055,81138.0,271
17057,41405.0,570
17059,22083.0,148
17061,9248.0,150
17063,270275.0,1590
17065,35852.0,185
17067,24232.0,298
17069,4040.0,49
17071,6868.0,50
17073,86670.0,935
17075,84843.0,834
17077,174384.0,2039
17079,105250.0,390
17081,98115.0,497
17083,70698.0,486
17085,73428.0,812
17087,42585.0,923
17089,2701505.0,18938
17091,254692.0,1887
17093,616701.0,6983
17095,99397.0,1008
17097,13680979.0,52479
17099,160294.0,1809
17101,12108.0,134
17103,163906.0,1536
17105,94783.0,910
17107,52493.0,709
17109,52855.0,499
17111,2263547.0,13776
17113,535810.0,4547
17115,267757.0,2778
17117,140603.0,1360
17119,748118.0,4984
17121,28604.0,306
17123,102803.0,1292
17125,35352.0,510
17127,6865.0,76
17129,15522.0,205
17131,105324.0,1024
17133,145385.0,921
17135,66269.0,669
17137,53982.0,497
17139,27409.0,239
17141,219551.0,1888
17143,803900.0,6054
17145,41294.0,306
17147,78933.0,887
17149,10973.0,129
17151,7883.0,81
17153,5241.0,84
17155,81095.0,474
17157,78734.0,330
17159,17896.0,352
17161,253367.0,2462
17163,727745.0,4767
17165,90817.0,376
17167,1017196.0,7105
17169,26212.0,286
17171,36786.0,360
17173,32456.0,262
17175,18890.0,138
17177,90371.0,739
17179,236728.0,2573
17181,70770.0,1352
17183,48543.0,455
17185,17058.0,190
17187,78447.0,912
17189,34525.0,264
17191,25309.0,275
17193,13753.0,112
17195,173648.0,1562
17197,1814463.0,16354
17199,409621.0,2646
17201,550275.0,6293
17203,141107.0,1176
18001,73947.0,334
18003,857720.0,6504
18005,333199.0,1554
18007,21820.0,687
18009,33081.0,602
18011,7405205.0,8378
18013,496765.0,3417
18015,121584.0,1198
18017,72734.0,665
18019,259757.0,2691
18021,76674.0,748
18023,35592.0,297
18025,33256.0,314
18027,11710.0,158
18029,49050.0,546
18031,58348.0,441
18033,66130.0,684
18035,196144.0,2109
18037,152194.0,469
18039,650988.0,3640
18041,48906.0,357
18043,164291.0,1857
18045,50730.0,398
18047,80338.0,663
18049,34582.0,335
18051,85767.0,942
18053,36663.0,830
18055,96804.0,1128
18057,9898392.0,18471
18059,368433.0,3285
18061,64019.0,756
18063,937317.0,6170
18065,144378.0,792
18067,130292.0,1424
18069,118407.0,912
18071,214377.0,917
18073,86292.0,1260
18075,22128.0,245
18077,30750.0,390
18079,43651.0,293
18081,332157.0,3693
18083,32101.0,345
18085,198820.0,1606
18087,51194.0,444
18089,938504.0,10297
18091,293396.0,3779
18093,37824.0,542
18095,296711.0,2521
18097,5906401.0,29237
18099,309326.0,1141
18101,23584.0,334
18103,88295.0,821
18105,526135.0,4803
18107,42463.0,323
18109,160101.0,1748
18111,64940.0,615
18113,76854.0,675
18115,8960.0,144
18117,26699.0,252
18119,77660.0,772
18121,60967.0,507
18123,23801.0,340
18125,15386.0,225
18127,615712.0,8084
18129,83656.0,624
18131,30532.0,484
18133,65921.0,663
18135,31914.0,217
18137,55175.0,625
18139,148311.0,963
18141,1817782.0,8905
18143,12105.0,189
18145,206601.0,2127
18147,45002.0,380
18149,38197.0,893
18151,42044.0,453
18153,18266.0,172
18155,23447.0,314
18157,313338.0,2849
18159,93415.0,1150
18161,21872.0,203
18163,476864.0,4163
18165,21448.0,275
18167,124394.0,1169
18169,93560.0,939
18171,161843.0,1400
18173,126169.0,1190
18175,31496.0,390
18177,94691.0,711
18179,129189.0,876
18181,193606.0,2190
18183,228170.0,1447
19001,45452.0,659
19003,21938.0,330
19005,95451.0,591
19007,31105.0,114
19009,74512.0,261
19011,150289.0,825
19013,331260.0,2587
19015,132754.0,2050
19017,194914.0,1552
19019,70992.0,460
19021,26178.0,166
19023,194569.0,1510
19025,18635.0,146
19027,54655.0,266
19029,53417.0,268
19031,94996.0,1996
19033,92808.0,597
19035,32036.0,215
19037,106977.0,197
19039,14775.0,217
19041,90643.0,308
19043,52589.0,344
19045,87821.0,829
19047,37268.0,308
19049,1460793.0,5889
19051,17395.0,174
19053,12409.0,65
19055,44489.0,377
19057,62275.0,378
19059,176927.0,491
19061,428386.0,1987
19063,12595.0,83
19065,83708.0,433
19067,67082.0,284
19069,54124.0,198
19071,33364.0,217
19073,45135.0,261
19075,159811.0,1455
19077,55872.0,335
19079,71306.0,788
19081,25571.0,330
19083,30544.0,155
19085,37866.0,554
19087,27091.0,155
19089,111766.0,132
19091,20370.0,203
19093,21582.0,109
19095,71486.0,378
19097,24777.0,298
19099,100089.0,928
19101,105751.0,1677
19103,911465.0,8402
19105,26370.0,260
19107,119421.0,1191
19109,164855.0,761
19111,32588.0,371
19113,820351.0,5969
19115,94266.0,491
19117,39104.0,107
19119,97960.0,333
19121,241766.0,1325
19123,233988.0,1522
19125,94684.0,501
19127,53210.0,641
19129,112176.0,1196
19131,63467.0,165
19133,15977.0,165
19135,33974.0,73
19137,28492.0,223
19139,109419.0,590
19141,34176.0,237
19143,24131.0,113
19145,28704.0,283
19147,29757.0,199
19149,131112.0,521
19151,16573.0,133
19153,5029955.0,19586
19155,224808.0,1808
19157,91161.0,498
19159,15506.0,120
19161,38218.0,248
19163,589302.0,5504
19165,93456.0,579
19167,293869.0,835
19169,258186.0,2846
19171,66922.0,629
19173,19494.0,195
19175,17245.0,352
19177,13166.0,150
19179,129214.0,1301
19181,1866950.0,3625
19183,62042.0,431
19185,41798.0,102
19187,70719.0,642
19189,53267.0,433
19191,124553.0,559
19193,299135.0,1179
19195,124997.0,570
19197,46661.0,313
20001,36591.0,142
20003,16897.0,105
20005,27768.0,255
20007,9145.0,58
20009,112494.0,346
20011,7826.0,133
20013,22942.0,217
20015,295209.0,1262
20017,41365.0,226
20019,14410.0,24
20021,391720.0,549
20023,2540.0,25
20025,37066.0,193
20027,46163.0,193
20029,16477.0,178
20031,12938.0,124
20033,650.0,18
20035,29350.0,248
20037,294312.0,622
20039,4705.0,29
20041,35904.0,379
20043,16379.0,203
20045,542284.0,5140
20047,10446.0,119
20049,2526.0,27
20051,54219.0,300
20053,3342.0,32
20055,269170.0,551
20057,51778.0,449
20059,31577.0,477
20061,115636.0,890
20063,34255.0,117
20065,35311.0,42
20067,68881.0,122
20069,262188.0,733
20071,5495.0,75
20073,9217.0,70
20075,426.0,2
20077,10762.0,97
20079,52527.0,556
20081,21866.0,143
20083,44195.0,379
20085,112269.0,526
20087,214417.0,1637
20089,7813.0,103
20091,3870096.0,22763
20093,13014.0,59
20095,24685.0,157
20097,2820.0,24
20099,48653.0,258
20101,224485.0,386
20103,296873.0,2349
20105,8709.0,58
20107,20445.0,227
20109,64422.0,354
20111,30837.0,244
20113,30560.0,446
20115,50453.0,382
20117,14994.0,104
20119,21191.0,130
20121,192261.0,1497
20123,4336.0,63
20125,43546.0,299
20127,5495.0,60
20129,8893.0,73
20131,13834.0,76
20133,46541.0,178
20135,13391.0,134
20137,25906.0,78
20139,36953.0,309
20141,4530.0,53
20143,156047.0,917
20145,11517.0,141
20147,55714.0,113
20149,189855.0,954
20151,39316.0,191
20153,18977.0,156
20155,120245.0,778
20157,13759.0,135
20159,80229.0,481
20161,231938.0,1081
20163,17731.0,73
20165,16442.0,173
20167,18170.0,135
20169,143818.0,851
20171,53660.0,148
20173,4062907.0,13687
20175,83911.0,376
20177,481797.0,4483
20179,32250.0,23
20181,11249.0,131
20183,2136.0,17
20185,96570.0,196
20187,64769.0,108
20189,20159.0,204
20191,53479.0,374
20193,49701.0,345
20195,21604.0,193
20197,342921.0,2051
20199,12001.0,121
20201,28811.0,110
20203,4323.0,44
20205,30194.0,149
20207,18963.0,137
20209,409000.0,4023
21001,47949.0,365
21003,61760.0,183
21005,221004.0,992
21007,8881.0,88
21009,67515.0,387
21011,149016.0,511
21013,48974.0,250
21015,467018.0,3315
21017,293073.0,1445
21019,254333.0,1084
21021,102657.0,1364
21023,51107.0,328
21025,8226.0,93
21027,28872.0,485
21029,708351.0,4695
21031,54260.0,522
21033,54881.0,276
21035,111175.0,566
21037,235583.0,1829
21039,7600.0,43
21041,7063.0,242
21043,42545.0,477
21045,161578.0,382
21047,33829.0,343
21049,368740.0,1796
21051,84162.0,388
21053,38926.0,247
21055,17897.0,202
21057,40125.0,198
21059,157626.0,1215
21061,60836.0,598
21063,25107.0,251
21065,5781.0,94
21067,1497139.0,7187
21069,132231.0,501
21071,37554.0,173
21073,272246.0,1258
21075,9990.0,18
21077,14706.0,83
21079,99880.0,413
21081,57383.0,383
21083,161962.0,736
21085,17126.0,196
21087,35270.0,363
21089,250145.0,1125
21091,12622.0,112
21093,123573.0,1412
21095,56725.0,393
21097,87545.0,738
21099,13444.0,213
21101,77768.0,867
21103,223829.0,1625
21105,54747.0,191
21107,67182.0,417
21109,20170.0,78
21111,4655298.0,23001
21113,294914.0,1631
21115,37892.0,122
21117,2772713.0,4515
21119,29609.0,394
21121,127909.0,410
21123,29950.0,274
21125,169049.0,599
21127,35624.0,248
21129,9585.0,127
21131,5972.0,21
21133,8016.0,59
21135,40569.0,217
21137,191988.0,1538
21139,14825.0,127
21141,17767.0,136
21143,61682.0,292
21145,158573.0,891
21147,19381.0,51
21149,42425.0,534
21151,107007.0,1287
21153,15613.0,56
21155,32404.0,223
21157,106683.0,587
21159,13742.0,76
21161,62208.0,490
21163,50007.0,628
21165,30945.0,90
21167,89934.0,437
21169,61465.0,291
21171,31043.0,65
21173,139915.0,839
21175,19421.0,99
21177,20373.0,146
21179,74427.0,527
21181,94482.0,629
21183,23462.0,248
21185,1115811.0,6691
21187,58861.0,655
21189,4810.0,30
21191,53388.0,420
21193,19519.0,334
21195,130846.0,406
21197,8416.0,78
21199,169996.0,452
21201,29762.0,289
21203,24024.0,297
21205,48507.0,288
21207,86649.0,343
21209,269354.0,1389
21211,699241.0,4431
21213,102723.0,633
21215,85895.0,955
21217,33855.0,275
21219,35132.0,349
21221,52962.0,226
21223,5036.0,273
21225,31334.0,136
21227,212158.0,1541
21229,88865.0,448
21231,81563.0,304
21233,47665.0,340
21235,143099.0,507
21237,3837.0,41
21239,477119.0,1673
22001,178095.0,1103
22003,103931.0,589
22005,123773.0,1294
22007,454067.0,922
22009,292936.0,732
22011,46903.0,787
22013,65793.0,285
22015,988016.0,4490
22017,994727.0,4189
22019,616904.0,2291
22021,5125.0,36
22023,218580.0,1264
22025,6849.0,69
22027,45449.0,306
22029,9184.0,93
22031,31544.0,388
22033,2890602.0,8539
22035,14000.0,16
22037,154690.0,1446
22039,172087.0,828
22041,27794.0,258
22043,26658.0,512
22045,307581.0,1261
22047,108857.0,407
22049,263946.0,671
22051,3148545.0,8358
22053,140047.0,443
22055,1167222.0,4242
22057,980822.0,1100
22059,10486.0,82
22061,319020.0,729
22063,329759.0,2178
22065,8152.0,194
22067,56676.0,193
22069,139116.0,828
22071,3674727.0,11169
22073,428263.0,2117
22075,76709.0,503
22077,303871.0,811
22079,499419.0,1667
22081,186293.0,834
22083,18516.0,197
22085,10328.0,91
22087,72850.0,411
22089,95276.0,892
22091,262151.0,1145
22093,131379.0,1128
22095,69636.0,496
22097,355877.0,1314
22099,280786.0,1015
22101,306323.0,1216
22103,1326194.0,5783
22105,803426.0,3911
22107,11259.0,141
22109,543185.0,1724
22111,271119.0,729
22113,421788.0,2042
22115,33854.0,389
22117,57478.0,472
22119,151188.0,622
22121,102372.0,398
22123,10987.0,112
22125,285879.0,822
22127,121203.0,800
23001,79280.0,888
23003,71711.0,394
23005,1232617.0,8763
23007,20095.0,249
23009,194553.0,2110
23011,162378.0,1841
23013,435140.0,1413
23015,87676.0,1885
23017,76663.0,949
23019,115669.0,597
23021,6051.0,118
23023,208322.0,2897
23025,31359.0,565
23027,68531.0,849
23029,33361.0,768
23031,323664.0,3991
24001,123748.0,1574
24003,3833612.0,20151
24005,5526929.0,27518
24009,238311.0,2079
24011,23845.0,314
24013,663613.0,4573
24015,130518.0,1433
24017,339152.0,4069
24019,41959.0,407
24021,654644.0,7861
24023,75564.0,785
24025,949813.0,5808
24027,2905945.0,13552
24029,141364.0,739
24031,19007749.0,77538
24033,2227101.0,23343
24035,207100.0,1363
24037,240712.0,1923
24039,18378.0,277
24041,352867.0,1968
24043,256200.0,3069
24045,200184.0,1809
24047,377373.0,1979
24510,4127447.0,20316
25001,963084.0,8457
25003,444944.0,3769
25005,546476.0,5959
25007,337247.0,1423
25009,2200993.0,13855
25011,276803.0,3679
25013,269308.0,5313
25015,529802.0,5288
25017,17233061.0,69468
25019,434098.0,305
25021,5540027.0,24385
25023,1100697.0,6007
25025,8319635.0,28207
25027,660979.0,8763
26001,17965.0,191
26003,8020.0,152
26005,1083754.0,4370
26007,22810.0,388
26009,146236.0,1657
26011,24856.0,299
26013,4232.0,41
26015,414481.0,2183
26017,381789.0,3363
26019,158627.0,1535
26021,396540.0,3366
26023,48680.0,429
26025,203899.0,2531
26027,124173.0,1368
26029,178994.0,1642
26031,143960.0,1632
26033,32057.0,319
26035,47685.0,512
26037,829269.0,6664
26039,27177.0,281
26041,45385.0,1152
26043,29245.0,318
26045,348569.0,3165
26047,551557.0,2415
26049,655223.0,6399
26051,31445.0,426
26053,18343.0,320
26055,296544.0,2395
26057,77290.0,562
26059,72971.0,458
26061,27100.0,433
26063,195293.0,681
26065,1600187.0,10191
26067,132791.0,1458
26069,18396.0,217
26071,14058.0,156
26073,300673.0,990
26075,498438.0,5768
26077,1512652.0,8402
26079,35014.0,602
26081,3747940.0,12011
26083,4226.0,55
26085,60956.0,585
26087,229442.0,2401
26089,227003.0,1645
26091,425588.0,2319
26093,820769.0,8395
26095,2532.0,21
26097,76436.0,242
26099,3990608.0,38772
26101,102756.0,483
26103,62984.0,937
26105,139094.0,616
26107,72097.0,618
26109,25090.0,296
26111,673315.0,4420
26113,64256.0,533
26115,280041.0,2867
26117,69523.0,668
26119,11444.0,137
26121,283770.0,2858
26123,79529.0,829
26125,10185412.0,60622
26127,35395.0,346
26129,25492.0,454
26131,3943.0,54
26133,28954.0,375
26135,23849.0,143
26137,35786.0,367
26139,1006134.0,5599
26141,54636.0,591
26143,44568.0,506
26145,383269.0,2789
26147,450395.0,1799
26149,75166.0,762
26151,407825.0,694
26153,6087.0,100
26155,169530.0,1899
26157,140287.0,995
26159,376211.0,3391
26161,4327465.0,35037
26163,6715581.0,60070
26165,57597.0,493
27001,42263.0,374
27003,1189428.0,10323
27005,73428.0,481
27007,63168.0,707
27009,186885.0,1047
27011,19471.0,431
27013,173189.0,1497
27015,48568.0,427
27017,31147.0,351
27019,716765.0,3282
27021,181013.0,1870
27023,130224.0,431
27025,114710.0,1728
27027,427944.0,1510
27029,18820.0,146
27031,17705.0,179
27033,18830.0,170
27035,141496.0,1175
27037,1275701.0,11589
27039,49421.0,275
27041,60533.0,568
27043,49250.0,493
27045,28151.0,234
27047,97638.0,828
27049,259285.0,2429
27051,27411.0,222
27053,13285680.0,62279
27055,23575.0,182
27057,68886.0,884
27059,97974.0,1221
27061,62665.0,857
27063,35260.0,197
27065,21657.0,331
27067,218687.0,603
27069,80551.0,169
27071,17234.0,210
27073,29398.0,296
27075,20951.0,304
27077,1200.0,34
27079,246838.0,645
27081,13537.0,129
27083,49104.0,371
27085,46467.0,538
27087,37340.0,121
27089,286023.0,858
27091,77395.0,226
27093,85447.0,600
27095,44981.0,233
27097,109345.0,956
27099,66284.0,515
27101,11988.0,106
27103,386487.0,1343
27105,15086.0,102
27107,147872.0,499
27109,596214.0,3630
27111,146590.0,916
27113,23367.0,257
27115,33923.0,434
27117,10595.0,135
27119,414712.0,1306
27121,93014.0,777
27123,3528945.0,24203
27125,107635.0,536
27127,104045.0,661
27129,189200.0,772
27131,196463.0,2784
27133,8582.0,139
27135,34782.0,253
27137,472241.0,3920
27139,756530.0,4527
27141,162296.0,1405
27143,53263.0,298
27145,359893.0,1601
27147,126950.0,1674
27149,32871.0,131
27151,48099.0,188
27153,56553.0,654
27155,9370.0,44
27157,78195.0,1354
27159,28025.0,195
27161,34181.0,561
27163,1109068.0,8713
27165,21012.0,162
27167,30027.0,236
27169,142157.0,1270
27171,228263.0,2478
27173,53425.0,307
28001,25768.0,503
28003,51937.0,309
28005,21068.0,172
28007,22038.0,162
28009,61605.0,461
28011,85586.0,469
28013,22760.0,231
28015,27723.0,200
28017,19132.0,208
28019,6832.0,80
28021,10141.0,73
28023,23790.0,196
28025,85425.0,748
28027,46867.0,155
28029,38686.0,416
28031,162951.0,1244
28033,198680.0,1899
28035,169665.0,1254
28037,27115.0,144
28039,20861.0,193
28041,15619.0,154
28043,20199.0,204
28045,168140.0,1525
28047,473625.0,2421
28049,819257.0,3560
28051,32340.0,275
28053,99305.0,406
28055,27291.0,187
28057,100720.0,434
28059,210588.0,2244
28061,51552.0,259
28063,29760.0,551
28065,20668.0,217
28067,125115.0,695
28069,150129.0,284
28071,264472.0,1819
28073,156774.0,1172
28075,72378.0,559
28077,13691.0,179
28079,155019.0,319
28081,159396.0,923
28083,94728.0,285
28085,64833.0,529
28087,145738.0,1119
28089,576365.0,2775
28091,23443.0,203
28093,130409.0,1237
28095,111378.0,1029
28097,14528.0,188
28099,141354.0,263
28101,7016.0,104
28103,85784.0,740
28105,89573.0,740
28107,259018.0,1700
28109,68335.0,840
28111,16045.0,163
28113,37885.0,434
28115,319133.0,2123
28117,28412.0,167
28119,136973.0,481
28121,300146.0,2403
28123,28816.0,372
28125,9510.0,26
28127,30479.0,447
28129,100700.0,1179
28131,33809.0,313
28133,83210.0,367
28135,24488.0,219
28137,100178.0,781
28139,62151.0,436
28141,32498.0,359
28143,16040.0,61
28145,62725.0,556
28147,17206.0,225
28149,84750.0,470
28151,131427.0,497
28153,43077.0,179
28155,5940.0,52
28157,3758.0,33
28159,167669.0,412
28161,16664.0,187
28163,116892.0,628
29001,31743.0,314
29003,158349.0,945
29005,7590.0,56
29007,33930.0,350
29009,49111.0,768
29011,17329.0,201
29013,29531.0,255
29015,58784.0,860
29017,58090.0,401
29019,562350.0,5151
29021,187513.0,1215
29023,37159.0,422
29025,17682.0,193
29027,462748.0,2956
29029,191459.0,1093
29031,144068.0,1408
29033,40662.0,211
29035,35264.0,407
29037,212460.0,2930
29039,10381.0,137
29041,20132.0,285
29043,143543.0,1348
29045,3906.0,32
29047,701609.0,7365
29049,49283.0,431
29051,378229.0,1694
29053,116924.0,564
29055,47761.0,386
29057,16640.0,189
29059,53050.0,309
29061,66624.0,622
29063,13220.0,91
29065,56967.0,490
29067,27115.0,174
29069,73334.0,268
29071,485671.0,2348
29073,53081.0,373
29075,18655.0,199
29077,831431.0,4230
29079,18836.0,441
29081,19701.0,192
29083,58907.0,542
29085,4086.0,54
29087,3286.0,26
29089,30526.0,407
29091,36842.0,268
29093,4502.0,94
29095,2670380.0,19185
29097,311837.0,1475
29099,289629.0,3965
29101,138149.0,1586
29103,9659.0,129
29105,68805.0,432
29107,88244.0,611
29109,52989.0,717
29111,9912.0,78
29113,127007.0,534
29115,52016.0,364
29117,71162.0,665
29119,73567.0,518
29121,31077.0,316
29123,48112.0,267
29125,53467.0,530
29127,26167.0,302
29129,4367.0,36
29131,133110.0,819
29133,116101.0,208
29135,63178.0,220
29137,72942.0,456
29139,23352.0,214
29141,91813.0,333
29143,130973.0,237
29145,207321.0,1456
29147,98308.0,830
29149,2466.0,48
29151,701582.0,692
29153,12123.0,133
29155,70460.0,434
29157,39487.0,301
29159,84476.0,490
29161,79475.0,690
29163,19329.0,189
29165,426784.0,4186
29167,31510.0,387
29169,16062.0,165
29171,20345.0,224
29173,26331.0,349
29175,54402.0,340
29177,20820.0,325
29179,6493.0,131
29181,11550.0,47
29183,1509860.0,6675
29185,30269.0,383
29186,75723.0,617
29187,98975.0,932
29189,6907749.0,39220
29195,26225.0,140
29197,2438.0,17
29199,1676.0,9
29201,126050.0,568
29203,17905.0,169
29205,4831.0,46
29207,494108.0,451
29209,160785.0,961
29211,4288.0,63
29213,137401.0,728
29215,36951.0,300
29217,66383.0,530
29219,128359.0,554
29221,49756.0,550
29223,4722.0,63
29225,55556.0,479
29227,3074.0,27
29229,25693.0,270
29510,3016716.0,20527
30001,44357.0,236
30003,176341.0,788
30005,46681.0,241
30007,13957.0,181
30009,86818.0,769
30011,1210.0,11
30013,195171.0,1274
30015,88734.0,512
30017,17672.0,91
30019,10914.0,48
30021,38066.0,75
30023,185241.0,872
30025,5266.0,61
30027,12919.0,132
30029,481516.0,2179
30031,996273.0,3779
30033,1025.0,7
30035,13320.0,92
30037,3208.0,51
30039,31937.0,451
30041,54830.0,233
30043,530806.0,2233
30045,3055.0,18
30047,215234.0,820
30049,469183.0,2463
30051,3005.0,40
30053,37485.0,352
30055,8330.0,29
30057,285627.0,1745
30059,15620.0,34
30061,10724.0,86
30063,678758.0,3432
30065,10485.0,92
30067,750733.0,2322
30069,200.0,2
30071,4276.0,22
30073,9844.0,75
30075,947.0,16
30077,32849.0,365
30079,34739.0,99
30081,128764.0,1234
30083,45446.0,247
30085,7676.0,63
30087,17839.0,172
30089,12901.0,121
30091,11290.0,27
30093,200447.0,940
30095,66794.0,478
30097,34173.0,99
30099,18810.0,160
30101,22529.0,233
30103,21699.0,111
30105,15184.0,91
30107,2142.0,20
30109,783.0,11
30111,738638.0,3889
31001,181517.0,873
31003,57952.0,679
31005,9266.0,42
31007,17237.0,46
31009,23312.0,90
31011,41192.0,416
31013,36484.0,307
31015,3530.0,4
31017,3300.0,28
31019,71469.0,471
31021,9410.0,168
31023,228101.0,487
31025,689219.0,2187
31027,280597.0,896
31029,202055.0,584
31031,20006.0,65
31033,8882.0,92
31035,132542.0,667
31037,48879.0,263
31039,15579.0,97
31041,53069.0,298
31043,20543.0,105
31045,16330.0,111
31047,88584.0,433
31049,1493.0,9
31051,14829.0,186
31053,165420.0,876
31055,5315001.0,21675
31057,163078.0,1000
31059,105860.0,353
31061,40494.0,147
31063,142692.0,784
31065,52485.0,499
31067,593719.0,506
31069,5418.0,26
31071,9285.0,64
31073,118941.0,689
31075,8160.0,11
31077,501.0,4
31079,660801.0,2851
31081,70176.0,381
31083,49227.0,488
31085,46729.0,170
31087,15606.0,85
31089,15815.0,134
31091,445.0,14
31093,296129.0,1281
31095,2505274.0,912
31097,4890.0,67
31099,103211.0,582
31101,12579.0,115
31103,625.0,4
31105,4877.0,23
31107,56129.0,342
31109,1688760.0,8147
31111,54584.0,554
31113,195.0,13
31115,5855.0,39
31117,38776.0,460
31119,285885.0,1149
31121,144625.0,776
31123,39651.0,353
31125,3463.0,35
31127,115322.0,266
31129,34723.0,277
31131,256774.0,1223
31133,6231.0,83
31135,121727.0,357
31137,51083.0,382
31139,288882.0,1506
31141,58976.0,340
31143,48161.0,258
31145,124748.0,709
31147,20508.0,98
31149,6275.0,40
31151,162412.0,541
31153,425119.0,4607
31155,153145.0,1000
31157,37110.0,252
31159,894492.0,2553
31161,41746.0,358
31163,2856.0,33
31165,59468.0,480
31167,160302.0,547
31169,2056679.0,840
31171,5572.0,43
31173,73425.0,254
31175,10810.0,69
31177,306461.0,2493
31179,266577.0,1249
31181,3224.0,18
31183,3482.0,52
31185,28660.0,227
32001,36429.0,668
32003,11655230.0,47483
32005,401991.0,2788
32007,86035.0,817
32009,9555.0,77
32011,7004.0,72
32013,13545.0,129
32015,5416.0,39
32017,34010.0,683
32019,133268.0,1897
32021,2131.0,32
32023,95947.0,1321
32027,10146.0,134
32029,412496.0,2568
32031,3017922.0,15160
32033,5916.0,162
32510,297755.0,2570
33001,380458.0,1508
33003,144932.0,990
33005,376257.0,2151
33007,40156.0,681
33009,825054.0,3424
33011,979430.0,7157
33013,370521.0,3638
33015,1015950.0,6393
33017,213980.0,1924
33019,187897.0,2076
34001,353788.0,3913
34003,4665133.0,20779
34005,1066131.0,9299
34007,969787.0,8505
34009,308691.0,1975
34011,134497.0,1291
34013,2489580.0,12622
34015,445914.0,5927
34017,1245056.0,9168
34019,2019083.0,6661
34021,2141933.0,6826
34023,1598184.0,14669
34025,1640365.0,10727
34027,2546267.0,21775
34029,707149.0,7326
34031,789288.0,5795
34033,148460.0,1439
34035,2824797.0,16002
34037,273147.0,3260
34039,2165632.0,11212
34041,222284.0,2857
35001,3066096.0,26808
35003,9976.0,126
35005,229533.0,1394
35006,41024.0,337
35007,24486.0,274
35009,83751.0,950
35011,550.0,4
35013,514035.0,4773
35015,256080.0,967
35017,106617.0,1159
35019,6099.0,39
35021,9147.0,87
35023,4094.0,58
35025,237461.0,1266
35027,145316.0,1215
35028,101785.0,932
35029,18049.0,184
35031,121881.0,1172
35033,13900.0,37
35035,190975.0,1722
35037,42047.0,374
35039,625482.0,2958
35041,75269.0,924
35043,757911.0,7191
35045,188982.0,1067
35047,71905.0,1049
35049,3517262.0,22052
35051,55936.0,352
35053,49419.0,395
35055,271088.0,2390
35057,67371.0,425
35059,9509.0,81
35061,66284.0,746
36001,1164692.0,12892
36003,825004.0,723
36005,2066973.0,16836
36007,373235.0,4126
36009,110980.0,889
36011,445941.0,3220
36013,85465.0,1168
36015,413499.0,4489
36017,97214.0,680
36019,94657.0,1116
36021,931879.0,5864
36023,87391.0,816
36025,138062.0,1730
36027,2489624.0,12837
36029,2251427.0,15093
36031,276539.0,1681
36033,126203.0,831
36035,80048.0,734
36037,150192.0,1136
36039,102092.0,1232
36041,21846.0,149
36043,243560.0,1508
36045,174493.0,1346
36047,10303304.0,61033
36049,85324.0,1091
36051,140213.0,1782
36053,728108.0,2810
36055,1793367.0,18393
36057,91314.0,872
36059,8681288.0,37425
36061,122059273.0,271157
36063,295303.0,4952
36065,808323.0,3165
36067,1401923.0,13182
36069,521289.0,6628
36071,748720.0,7710
36073,58989.0,582
36075,100855.0,1317
36077,187203.0,1960
36079,945382.0,9508
36081,3762756.0,38699
36083,428841.0,4922
36085,1034292.0,10015
36087,1388828.0,8307
36089,276372.0,1674
36091,712364.0,6720
36093,450347.0,4809
36095,50068.0,781
36097,327625.0,3654
36099,93499.0,1662
36101,447893.0,4409
36103,6669550.0,43661
36105,152385.0,1751
36107,257754.0,2658
36109,584978.0,6147
36111,693176.0,9203
36113,246791.0,2445
36115,174668.0,1779
36117,295511.0,3045
36119,18264281.0,55308
36121,217368.0,848
36123,126090.0,1468
37001,362794.0,1809
37003,263996.0,1436
37005,22313.0,127
37007,73258.0,640
37009,34014.0,516
37011,161525.0,1225
37013,317051.0,1227
37015,25095.0,213
37017,85324.0,656
37019,285611.0,2827
37021,1224972.0,14213
37023,303048.0,2757
37025,947142.0,7540
37027,285776.0,2091
37029,24691.0,303
37031,471867.0,1930
37033,146953.0,989
37035,378252.0,3021
37037,1525696.0,13803
37039,28581.0,522
37041,35351.0,359
37043,68641.0,904
37045,130004.0,1142
37047,45377.0,516
37049,363750.0,1884
37051,637317.0,5248
37053,24155.0,277
37055,113374.0,822
37057,543631.0,3895
37059,150004.0,1119
37061,171545.0,807
37063,2229228.0,18926
37065,392755.0,1543
37067,1495125.0,8475
37069,267582.0,2058
37071,345707.0,2467
37073,7159.0,111
37075,4520.0,40
37077,316575.0,1972
37079,120567.0,907
37081,2256779.0,11140
37083,48931.0,291
37085,372037.0,2793
37087,359011.0,2772
37089,575140.0,5169
37091,20421.0,156
37093,196300.0,874
37095,18088.0,107
37097,615898.0,3829
37099,277752.0,1224
37101,409261.0,3830
37103,393230.0,1426
37105,98242.0,777
37107,230137.0,682
37109,183356.0,1806
37111,206403.0,2884
37113,128863.0,1306
37115,126579.0,1898
37117,62323.0,417
37119,7183001.0,30160
37121,50670.0,825
37123,76019.0,350
37125,470410.0,2576
37127,242203.0,1533
37129,816219.0,4496
37131,39339.0,190
37133,403574.0,1800
37135,2454867.0,18751
37137,95926.0,714
37139,21777.0,236
37141,305882.0,2169
37143,50449.0,455
37145,95045.0,627
37147,859491.0,3008
37149,150832.0,1373
37151,368371.0,2016
37153,90856.0,396
37155,144289.0,575
37157,215345.0,1080
37159,556740.0,3122
37161,204190.0,2102
37163,182897.0,975
37165,99352.0,349
37167,70313.0,816
37169,99712.0,807
37171,86308.0,578
37173,197062.0,365
37175,345119.0,2874
37177,2264.0,26
37179,946406.0,4618
37181,48892.0,484
37183,5379339.0,31597
37185,36218.0,385
37187,25735.0,99
37189,170940.0,1307
37191,133748.0,994
37193,203730.0,1341
37195,181549.0,1378
37197,37215.0,235
37199,56566.0,896
38001,2337.0,26
38003,18697.0,159
38005,25936.0,173
38007,18025.0,64
38009,15309.0,143
38011,5757.0,36
38013,23188.0,92
38015,286514.0,1529
38017,1173104.0,3078
38019,30461.0,171
38021,22269.0,174
38023,4725.0,37
38025,121719.0,727
38027,5060.0,37
38029,67005.0,366
38031,5610.0,31
38033,13992.0,49
38035,287459.0,1108
38037,8155.0,79
38039,5071.0,45
38041,2186.0,19
38043,12891.0,43
38045,16659.0,96
38047,3771.0,13
38049,15145.0,123
38051,7699.0,53
38053,58515.0,380
38055,17694.0,229
38057,18762.0,109
38059,56378.0,472
38061,49314.0,253
38063,1459.0,21
38065,19464.0,119
38067,222742.0,462
38069,16755.0,91
38071,20331.0,147
38073,10043.0,122
38075,9650.0,41
38077,78027.0,355
38079,31230.0,254
38081,15267.0,224
38083,6153.0,131
38085,650.0,2
38087,6807.0,41
38089,126156.0,503
38091,13590.0,68
38093,20861.0,191
38095,13538.0,117
38097,110069.0,381
38099,188990.0,435
38101,120746.0,993
38103,14511.0,58
38105,47326.0,437
39001,24188.0,250
39003,229048.0,1861
39005,209015.0,1773
39007,74667.0,936
39009,91160.0,1195
39011,216241.0,1226
39013,284292.0,947
39015,57818.0,821
39017,1268934.0,6987
39019,46120.0,391
39021,176597.0,1272
39023,227643.0,3442
39025,495798.0,4403
39027,192848.0,2102
39029,200939.0,1293
39031,66032.0,466
39033,111601.0,1524
39035,7564702.0,26870
39037,74993.0,902
39039,104010.0,1039
39041,2472752.0,19978
39043,220082.0,1526
39045,306119.0,4534
39047,66752.0,524
39049,6528986.0,45814
39051,92328.0,1376
39053,33005.0,346
39055,2165754.0,6383
39057,788256.0,7876
39059,95126.0,468
39061,6701196.0,24524
39063,1084294.0,31454
39065,32995.0,492
39067,118142.0,583
39069,105079.0,1754
39071,52030.0,728
39073,75894.0,935
39075,70793.0,373
39077,54552.0,508
39079,57671.0,687
39081,47180.0,411
39083,1058699.0,1367
39085,431360.0,3843
39087,34136.0,349
39089,2078739.0,7880
39091,97690.0,804
39093,921393.0,6367
39095,739286.0,5586
39097,267852.0,4131
39099,807005.0,3668
39101,81102.0,1075
39103,819917.0,5710
39105,28053.0,343
39107,159968.0,511
39109,293624.0,2394
39111,41757.0,192
39113,1309953.0,9903
39115,45712.0,286
39117,1106158.0,1695
39119,215738.0,1898
39121,62394.0,283
39123,84928.0,1278
39125,117092.0,649
39127,23067.0,314
39129,158350.0,1960
39131,116954.0,1079
39133,739818.0,6309
39135,241830.0,2122
39137,140712.0,638
39139,248552.0,2479
39141,133529.0,1149
39143,61790.0,1066
39145,89877.0,1321
39147,112111.0,701
39149,292899.0,1067
39151,1722544.0,5302
39153,2240922.0,14942
39155,584806.0,2346
39157,265040.0,879
39159,983067.0,7171
39161,38957.0,252
39163,23135.0,218
39165,1405288.0,8435
39167,144592.0,881
39169,525962.0,2724
39171,81103.0,717
39173,299005.0,2198
39175,29861.0,447
40001,11023.0,60
40003,7284.0,74
40005,8963.0,105
40007,4155.0,40
40009,19161.0,123
40011,28008.0,175
40013,205045.0,410
40015,28541.0,203
40017,511017.0,3260
40019,75383.0,553
40021,209872.0,667
40023,11579.0,90
40025,19062.0,49
40027,717807.0,7226
40029,1861.0,19
40031,189540.0,1674
40033,5360.0,80
40035,65437.0,685
40037,1108032.0,1863
40039,97887.0,735
40041,74347.0,644
40043,3071.0,88
40045,5660.0,99
40047,201034.0,940
40049,49774.0,484
40051,317553.0,1446
40053,4578.0,39
40055,2453.0,28
40057,12771.0,30
40059,2300.0,13
40061,63203.0,640
40063,5351.0,75
40065,46664.0,241
40067,2873.0,23
40069,486868.0,1150
40071,53705.0,610
40073,53781.0,427
40075,18080.0,225
40077,16828.0,151
40079,20936.0,261
40081,75866.0,638
40083,529225.0,3904
40085,48465.0,405
40087,333233.0,2619
40089,43712.0,207
40091,24115.0,219
40093,6565.0,48
40095,67730.0,526
40097,98411.0,1016
40099,46331.0,179
40101,53936.0,480
40103,124986.0,854
40105,84475.0,1129
40107,30354.0,196
40109,4263962.0,26757
40111,47753.0,301
40113,211402.0,1748
40115,88321.0,637
40117,19775.0,310
40119,172985.0,1858
40121,226693.0,1536
40123,512475.0,784
40125,106718.0,1176
40127,61862.0,476
40129,23829.0,216
40131,301042.0,2450
40133,54504.0,543
40135,38240.0,133
40137,106092.0,673
40139,12274.0,119
40141,12533.0,74
40143,5194582.0,19167
40145,202514.0,1871
40147,128595.0,1770
40149,155048.0,1072
40151,4288.0,66
40153,15420.0,99
41001,36916.0,349
41003,507582.0,6879
41005,2578608.0,27580
41007,104925.0,1512
41009,115399.0,1381
41011,121784.0,2082
41013,158547.0,2215
41015,67428.0,786
41017,413847.0,5216
41019,495949.0,2444
41021,19612.0,63
41023,25945.0,265
41025,11393.0,67
41027,95382.0,1174
41029,781728.0,9680
41031,64955.0,999
41033,200803.0,2808
41035,96004.0,1389
41037,12484.0,139
41039,1190646.0,22105
41041,103989.0,1948
41043,336717.0,4177
41045,28364.0,208
41047,549664.0,10069
41049,56218.0,506
41051,5990009.0,62271
41053,238762.0,3169
41055,2945.0,21
41057,56512.0,843
41059,74002.0,667
41061,73479.0,778
41063,10260.0,170
41065,61199.0,893
41067,3356644.0,33081
41069,15007.0,97
41071,422194.0,6498
42001,259192.0,4224
42003,8066581.0,49981
42005,108832.0,1109
42007,657726.0,4722
42009,116910.0,711
42011,908133.0,10013
42013,403295.0,1578
42015,83963.0,954
42017,3666627.0,23961
42019,624402.0,5213
42021,260915.0,1650
42023,11089.0,58
42025,133893.0,1854
42027,404587.0,4532
42029,4032586.0,29003
42031,58207.0,439
42033,106535.0,1015
42035,94973.0,889
42037,126383.0,1367
42039,104184.0,1931
42041,1099726.0,8973
42043,1094052.0,8074
42045,5226808.0,31965
42047,64187.0,448
42049,476041.0,3861
42051,232380.0,2103
42053,12790.0,133
42055,165155.0,2303
42057,48740.0,354
42059,60177.0,659
42061,74825.0,1088
42063,374188.0,1420
42065,82044.0,674
42067,44200.0,311
42069,633652.0,3637
42071,1784633.0,10478
42073,208686.0,1686
42075,302222.0,2515
42077,1526274.0,12568
42079,716326.0,5093
42081,406483.0,2431
42083,86377.0,203
42085,140167.0,1763
42087,35795.0,291
42089,383573.0,4985
42091,12556570.0,56638
42093,101215.0,828
42095,783353.0,6819
42097,129664.0,1289
42099,31637.0,440
42101,13822288.0,89907
42103,234784.0,2486
42105,27332.0,256
42107,188606.0,1993
42109,167609.0,428
42111,134343.0,834
42113,163790.0,1235
42115,99060.0,944
42117,48331.0,393
42119,153411.0,649
42121,55676.0,691
42123,58071.0,499
42125,896652.0,7062
42127,207197.0,2188
42129,789785.0,8434
42131,109099.0,846
42133,1590222.0,12335
44001,424078.0,1294
44003,398603.0,3215
44005,145912.0,1200
44007,712994.0,6948
44009,225734.0,4869
45001,79563.0,748
45003,343179.0,3092
45005,30534.0,103
45007,302435.0,2730
45009,52173.0,316
45011,29617.0,138
45013,1159798.0,6874
45015,694602.0,3717
45017,90024.0,617
45019,3666259.0,14826
45021,167362.0,1570
45023,164734.0,1075
45025,99664.0,720
45027,74237.0,561
45029,53441.0,432
45031,217471.0,1118
45033,25270.0,200
45035,236132.0,2632
45037,159936.0,1120
45039,248688.0,1599
45041,270882.0,1344
45043,335570.0,1732
45045,1697019.0,9556
45047,57688.0,480
45049,36340.0,93
45051,660829.0,3978
45053,172855.0,1510
45055,134749.0,1094
45057,99406.0,889
45059,482708.0,1496
45061,115965.0,898
45063,1426474.0,6591
45065,24228.0,259
45067,18324.0,143
45069,10610.0,66
45071,93786.0,911
45073,194488.0,992
45075,94996.0,634
45077,181948.0,1849
45079,2033202.0,11464
45081,100010.0,578
45083,674268.0,5088
45085,183151.0,1766
45087,58554.0,309
45089,135542.0,785
45091,611544.0,4340
46003,12823.0,104
46005,26987.0,185
46007,3129.0,25
46009,7345.0,89
46011,73531.0,415
46013,134004.0,755
46015,33986.0,87
46017,22339.0,106
46019,53384.0,430
46021,7362.0,161
46023,6424.0,47
46025,9820.0,44
46027,41237.0,351
46029,61783.0,288
46031,5023.0,47
46033,20835.0,248
46035,75491.0,346
46037,16937.0,133
46039,5397.0,53
46041,3643.0,115
46043,8572.0,91
46045,14192.0,58
46047,13031.0,303
46049,17603.0,62
46051,28136.0,197
46053,13071.0,148
46055,8641.0,56
46057,70615.0,402
46059,22806.0,66
46061,79600.0,350
46063,28575.0,165
46065,66381.0,442
46067,23982.0,171
46069,12968.0,26
46071,5891.0,51
46073,11061.0,33
46075,10241.0,167
46077,13910.0,132
46079,169739.0,1304
46081,72377.0,521
46083,747777.0,3416
46085,27332.0,195
46087,61016.0,1121
46089,7870.0,62
46091,29314.0,97
46093,329998.0,1835
46095,250.0,1
46097,23480.0,71
46099,1275390.0,6528
46101,182890.0,456
46103,409266.0,2363
46105,12073.0,85
46107,4927.0,28
46109,28249.0,187
46111,21419.0,122
46115,10435.0,61
46117,37871.0,87
46119,68893.0,463
46121,9050.0,43
46123,23574.0,207
46125,32089.0,239
46127,145244.0,432
46129,7486.0,121
46135,42263.0,270
46137,200.0,1
47001,292578.0,3525
47003,226918.0,1209
47005,19596.0,215
47007,81431.0,750
47009,338017.0,4165
47011,197523.0,664
47013,18796.0,151
47015,57308.0,530
47017,100580.0,881
47019,285617.0,1634
47021,374789.0,3375
47023,73733.0,676
47025,32888.0,381
47027,23251.0,54
47029,30753.0,382
47031,122617.0,950
47033,110165.0,565
47035,155084.0,1928
47037,9430559.0,28409
47039,15746.0,116
47041,78418.0,638
47043,90547.0,655
47045,55440.0,556
47047,583629.0,4513
47049,121754.0,219
47051,187427.0,1576
47053,48114.0,585
47055,73149.0,596
47057,18227.0,280
47059,42478.0,433
47061,27189.0,384
47063,60992.0,558
47065,1748458.0,6629
47067,25856.0,155
47069,14476.0,143
47071,42785.0,374
47073,118151.0,843
47075,106068.0,538
47077,29152.0,248
47079,63917.0,620
47081,103735.0,610
47083,25363.0,431
47085,20239.0,299
47087,276437.0,1007
47089,122774.0,900
47091,185152.0,351
47093,2473557.0,12167
47095,1277.0,34
47097,15355.0,138
47099,36556.0,282
47101,31731.0,330
47103,96257.0,490
47105,505837.0,3789
47107,52381.0,680
47109,74080.0,630
47111,26069.0,204
47113,170733.0,960
47115,287180.0,1664
47117,159592.0,1523
47119,162843.0,1571
47121,45158.0,451
47123,133343.0,1692
47125,304584.0,2112
47127,197282.0,1136
47129,44263.0,388
47131,50032.0,336
47133,365021.0,1118
47135,56470.0,185
47137,88910.0,101
47139,35796.0,353
47141,335585.0,1357
47143,36518.0,444
47145,222008.0,3729
47147,313124.0,3147
47149,669844.0,4235
47151,19992.0,298
47153,169279.0,1133
47155,281626.0,2066
47157,3984081.0,20131
47159,138625.0,1175
47161,21883.0,258
47163,471972.0,3871
47165,409389.0,2862
47167,257740.0,1167
47169,80963.0,803
47171,58360.0,703
47173,40029.0,441
47175,45562.0,451
47177,38241.0,401
47179,293404.0,3041
47181,26742.0,352
47183,93155.0,750
47185,74051.0,596
47187,5095469.0,16601
47189,822011.0,2776
48001,94911.0,707
48003,24239.0,118
48005,122019.0,968
48007,154719.0,875
48009,260590.0,1179
48011,70441.0,768
48013,134931.0,2032
48015,183550.0,1516
48017,18394.0,106
48019,315402.0,2176
48021,194205.0,2427
48023,5377.0,74
48025,45858.0,531
48027,1168048.0,4964
48029,10466056.0,71187
48031,1392735.0,3821
48033,37206.0,114
48035,102245.0,685
48037,376152.0,760
48039,1189043.0,8842
48041,413872.0,3370
48043,63857.0,196
48045,2580.0,20
48047,2987.0,20
48049,64144.0,412
48051,35728.0,237
48053,538405.0,3614
48055,381323.0,3995
48057,23722.0,169
48059,266810.0,771
48061,591257.0,2447
48063,26215.0,324
48065,17685.0,203
48067,57173.0,312
48069,58177.0,274
48071,142160.0,1325
48073,82194.0,715
48075,225054.0,1766
48077,117326.0,657
48079,27843.0,150
48081,34597.0,265
48083,20307.0,242
48085,6168795.0,43328
48087,18426.0,59
48089,92327.0,824
48091,1583995.0,14745
48093,70549.0,503
48095,12196.0,56
48097,269402.0,1721
48099,206553.0,1664
48101,6389.0,49
48103,348097.0,106
48105,1386.0,12
48107,42862.0,276
48109,7646.0,42
48111,73858.0,163
48113,31319886.0,86637
48115,53668.0,249
48117,174549.0,476
48119,9883.0,166
48121,6162073.0,37233
48123,123438.0,459
48125,4077.0,27
48127,8126.0,60
48129,102670.0,376
48131,32804.0,326
48133,165012.0,579
48135,1666297.0,3042
48137,24065.0,286
48139,413655.0,5084
48141,4206765.0,10700
48143,132953.0,926
48145,83718.0,852
48147,42871.0,490
48149,118329.0,1060
48151,36621.0,220
48153,160857.0,498
48155,17373.0,182
48157,3740150.0,22329
48159,55805.0,484
48161,26891.0,368
48163,19785.0,154
48165,62449.0,393
48167,1412878.0,9376
48169,6975.0,19
48171,1554135.0,2826
48173,63367.0,390
48175,66427.0,392
48177,80129.0,533
48179,10031.0,156
48181,280640.0,2604
48183,368417.0,2056
48185,286240.0,2521
48187,685210.0,6854
48189,56791.0,264
48191,267317.0,1983
48193,80819.0,408
48195,25321.0,54
48197,1826.0,30
48199,103025.0,880
48201,41344170.0,130014
48203,280234.0,2083
48205,56918.0,114
48207,20204.0,118
48209,2360077.0,13694
48211,110117.0,449
48213,108342.0,936
48215,1069950.0,5762
48217,135183.0,933
48219,168888.0,942
48221,328896.0,2402
48223,65041.0,574
48225,21369.0,253
48227,52393.0,378
48229,37410.0,442
48231,205740.0,3009
48233,31268.0,254
48235,436769.0,1245
48237,56283.0,398
48239,32626.0,252
48241,41619.0,402
48243,18215.0,230
48245,571872.0,3753
48247,42947.0,126
48249,135844.0,698
48251,381834.0,4684
48253,127067.0,504
48255,37257.0,294
48257,348464.0,3182
48259,1833305.0,7416
48261,336.0,3
48263,9914.0,101
48265,1453488.0,4305
48267,37964.0,425
48269,7547.0,41
48271,9066.0,108
48273,28750.0,260
48275,13385.0,89
48277,70514.0,530
48279,145897.0,413
48281,164808.0,1093
48283,12706.0,81
48285,87322.0,625
48287,140783.0,827
48289,35131.0,243
48291,90480.0,1359
48293,51733.0,450
48295,1525.0,19
48297,112684.0,560
48299,1293085.0,2058
48301,33690.0,24
48303,1279234.0,5586
48305,235627.0,1008
48307,20256.0,376
48309,902113.0,4593
48311,36858.0,96
48313,46961.0,277
48315,39088.0,327
48317,772371.0,3470
48319,1172264.0,1332
48321,93323.0,1022
48323,24849.0,222
48325,454274.0,4700
48327,32847.0,488
48329,5893610.0,6685
48331,47514.0,633
48333,30361.0,299
48335,11506.0,91
48337,128501.0,845
48339,3447422.0,22357
48341,400599.0,855
48343,24129.0,164
48345,135515.0,337
48347,99208.0,968
48349,56162.0,514
48351,42793.0,419
48353,19515.0,213
48355,1173442.0,7760
48357,23260.0,58
48359,86943.0,115
48361,60543.0,752
48363,115229.0,561
48365,58789.0,573
48367,875359.0,5898
48369,17226.0,96
48371,32105.0,220
48373,177775.0,1413
48375,727042.0,3747
48377,4408.0,72
48379,18287.0,253
48381,470654.0,3362
48383,19310.0,41
48385,9293.0,130
48387,13901.0,102
48389,41656.0,175
48391,2810.0,5
48393,28686.0,177
48395,58907.0,625
48397,483499.0,5946
48399,15883.0,180
48401,82123.0,801
48403,28315.0,262
48405,58658.0,299
48407,98856.0,1099
48409,96487.0,1855
48411,6330.0,95
48413,3043.0,53
48415,15921.0,175
48417,117292.0,192
48419,41490.0,215
48421,73858.0,163
48423,992914.0,6287
48425,108354.0,1144
48427,82410.0,343
48429,178981.0,348
48431,25540.0,27
48433,25467.0,192
48435,9658.0,77
48437,38235.0,73
48439,10571894.0,72516
48441,920733.0,3866
48443,15297.0,215
48445,29262.0,158
48447,125240.0,292
48449,50021.0,351
48451,687906.0,1905
48453,14832306.0,82292
48455,36671.0,373
48457,23138.0,259
48459,199567.0,2024
48461,3497.0,20
48463,63932.0,295
48465,28107.0,220
48467,76347.0,1176
48469,238469.0,1325
48471,110571.0,1336
48473,736313.0,5125
48475,78686.0,1119
48477,152371.0,863
48479,532662.0,2930
48481,58575.0,431
48483,113652.0,477
48485,413539.0,1955
48487,8913.0,143
48489,147186.0,605
48491,2120346.0,27588
48493,136126.0,2367
48495,8675.0,31
48497,232469.0,2378
48499,49396.0,776
48501,51126.0,395
48503,61764.0,388
48505,24493.0,119
48507,44696.0,171
49001,2321.0,39
49003,251269.0,324
49005,89296.0,1060
49007,17933.0,228
49009,105.0,3
49011,538234.0,3634
49013,22066.0,223
49015,26974.0,224
49017,6339.0,48
49019,19583.0,254
49021,87400.0,1087
49023,6320.0,61
49025,16875.0,616
49027,4507.0,63
49029,41654.0,128
49031,270.0,2
49033,831.0,16
49035,3527309.0,21246
49037,24132.0,310
49039,12808.0,90
49041,17553.0,170
49043,1413815.0,2759
49045,43344.0,694
49047,29683.0,333
49049,1129769.0,5510
49051,876410.0,1949
49053,277904.0,3173
49055,889.0,17
49057,274350.0,2522
50001,175868.0,1536
50003,152264.0,1735
50005,41026.0,630
50007,364363.0,4296
50009,15280.0,195
50011,38878.0,819
50013,11640.0,146
50015,46384.0,675
50017,153238.0,1607
50019,34611.0,676
50021,149139.0,1421
50023,123844.0,2024
50025,178845.0,2515
50027,323751.0,2922
51001,30658.0,326
51003,1946698.0,8324
51005,166834.0,667
51007,18737.0,225
51009,46038.0,369
51011,103168.0,820
51013,22651688.0,82888
51015,242755.0,3931
51017,25606.0,135
51019,335229.0,3510
51021,14611.0,104
51023,231487.0,1979
51025,46283.0,331
51027,43394.0,346
51029,55836.0,427
51031,318958.0,3129
51033,108650.0,854
51035,30261.0,334
51036,324714.0,3197
51037,43235.0,498
51041,1048436.0,12554
51043,161619.0,1413
51045,8446.0,95
51047,505651.0,2581
51049,65383.0,885
51051,46351.0,333
51053,46059.0,565
51057,10535.0,184
51059,27090556.0,140383
51061,1125181.0,6896
51063,171544.0,653
51065,127781.0,1308
51067,200637.0,2565
51069,290704.0,2525
51071,10665.0,83
51073,53654.0,660
51075,800751.0,6907
51077,21581.0,286
51079,123662.0,808
51081,12780.0,29
51083,257934.0,1406
51085,464119.0,4950
51087,1905584.0,13205
51089,38113.0,310
51091,122440.0,717
51093,105057.0,1019
51095,445366.0,4683
51097,18947.0,274
51099,39399.0,398
51101,17783.0,249
51103,63615.0,470
51105,236511.0,1916
51107,3174223.0,18855
51109,202026.0,1717
51111,22914.0,347
51113,281526.0,1534
51115,16015.0,182
51117,26927.0,419
51119,16718.0,205
51121,340942.0,1872
51125,327904.0,1567
51127,98032.0,1346
51131,25257.0,320
51133,78665.0,574
51135,26435.0,327
51137,285459.0,2410
51139,34332.0,349
51141,35336.0,670
51143,297181.0,2076
51145,458189.0,4921
51147,22666.0,239
51149,80143.0,943
51153,950137.0,9139
51155,141328.0,493
51157,287704.0,1307
51159,36885.0,358
51161,844850.0,4482
51163,114252.0,1610
51165,153113.0,1728
51167,15880.0,208
51169,173944.0,622
51171,103181.0,927
51173,56945.0,428
51175,37909.0,316
51177,435820.0,4147
51179,270351.0,3490
51181,66616.0,581
51183,40312.0,153
51185,199614.0,1357
51187,137369.0,1196
51191,273816.0,962
51193,54476.0,642
51195,254099.0,1128
51197,22308.0,251
51199,719183.0,8130
51510,5917202.0,18191
51520,299107.0,1302
51530,795.0,10
51540,1386417.0,5486
51550,558011.0,5995
51570,24811.0,264
51580,5044.0,49
51590,29044.0,603
51595,12310.0,24
51600,861142.0,4731
51610,3462906.0,50762
51620,16352.0,216
51630,183853.0,1954
51640,6618.0,59
51650,218104.0,2888
51660,116907.0,965
51670,33214.0,392
51678,80033.0,1112
51680,259094.0,2588
51683,56012.0,662
51685,99649.0,1361
51690,22002.0,138
51700,411639.0,4832
51710,899215.0,6007
51720,3800.0,5
51730,27617.0,455
51735,20556.0,295
51740,152850.0,2498
51750,157624.0,685
51760,2263659.0,14684
51770,891814.0,4628
51775,691425.0,2191
51790,111121.0,2364
51800,233753.0,2174
51810,1500454.0,10696
51820,21542.0,374
51830,427435.0,4512
51840,151042.0,835
53001,23439.0,257
53003,48695.0,787
53005,567135.0,6872
53007,244870.0,2150
53009,327341.0,3869
53011,1951473.0,13083
53013,14043.0,178
53015,172838.0,1784
53017,101925.0,833
53019,12107.0,125
53021,154035.0,1836
53023,55957.0,820
53025,130104.0,1345
53027,158099.0,1295
53029,564569.0,4395
53031,463750.0,8146
53033,26628862.0,149864
53035,1732115.0,11640
53037,201078.0,1837
53039,160138.0,1595
53041,119513.0,1515
53043,21734.0,303
53045,410424.0,6552
53047,143719.0,1229
53049,81856.0,887
53051,45684.0,507
53053,4125468.0,26478
53055,365526.0,3544
53057,536762.0,6734
53059,176398.0,1227
53061,3469379.0,29394
53063,1200064.0,12168
53065,99404.0,1209
53067,916710.0,12548
53069,84075.0,821
53071,120613.0,1095
53073,1014145.0,10060
53075,159458.0,2144
53077,399854.0,3238
54001,101191.0,636
54003,197285.0,2234
54005,17658.0,116
54007,16181.0,157
54009,175639.0,987
54011,308969.0,2117
54013,17452.0,109
54015,5543.0,46
54017,18656.0,398
54019,53146.0,523
54021,14257.0,264
54023,30451.0,151
54025,842479.0,1154
54027,26035.0,356
54029,35032.0,164
54031,33788.0,135
54033,228811.0,1682
54035,33152.0,317
54037,153499.0,1379
54039,712123.0,4162
54041,47472.0,607
54043,119037.0,732
54045,42930.0,341
54047,486250.0,1106
54049,435775.0,3155
54051,173592.0,795
54053,38248.0,367
54055,73457.0,757
54057,20291.0,295
54059,30158.0,177
54061,401053.0,3532
54063,48242.0,462
54065,38850.0,426
54067,52682.0,539
54069,194160.0,953
54071,28077.0,146
54073,15745.0,210
54075,61587.0,292
54077,98657.0,474
54079,179874.0,1507
54081,83465.0,526
54083,31939.0,205
54085,20198.0,227
54087,28646.0,238
54089,19154.0,192
54091,170475.0,1090
54093,8743.0,181
54095,32006.0,353
54097,19415.0,238
54099,121078.0,849
54101,5302.0,55
54103,29331.0,261
54105,2869.0,35
54107,132775.0,1322
54109,100894.0,304
55001,79372.0,608
55003,18384.0,204
55005,105496.0,811
55007,128122.0,893
55009,788699.0,3816
55011,35252.0,226
55013,47695.0,424
55015,222678.0,1374
55017,74160.0,908
55019,107526.0,882
55021,111016.0,1355
55023,44382.0,430
55025,2590405.0,24931
55027,401241.0,2021
55029,150214.0,1895
55031,89158.0,693
55033,321067.0,2689
55035,171692.0,1936
55037,6844.0,117
55039,265343.0,1343
55041,112453.0,563
55043,37144.0,516
55045,99849.0,1026
55047,29468.0,260
55049,70662.0,833
55051,15072.0,176
55053,99615.0,608
55055,420837.0,2850
55057,73476.0,502
55059,1229589.0,2625
55061,19902.0,114
55063,246156.0,2244
55065,54209.0,513
55067,63153.0,624
55069,70152.0,567
55071,146343.0,885
55073,412591.0,3472
55075,48088.0,450
55077,42969.0,367
55078,7314.0,74
55079,2658878.0,20872
55081,110546.0,585
55083,45618.0,388
55085,273415.0,1497
55087,831039.0,5867
55089,1208375.0,5934
55091,12761.0,127
55093,111419.0,1404
55095,112060.0,986
55097,267623.0,2769
55099,58246.0,538
55101,517171.0,3753
55103,51126.0,509
55105,1162225.0,3013
55107,55619.0,257
55109,382903.0,3952
55111,94903.0,913
55113,38058.0,322
55115,63882.0,627
55117,246407.0,1487
55119,65147.0,546
55121,30605.0,467
55123,41557.0,536
55125,159856.0,1131
55127,323306.0,2344
55129,74616.0,572
55131,541286.0,3695
55133,1840455.0,10077
55135,62479.0,595
55137,99780.0,1273
55139,439114.0,4551
55141,144193.0,1304
56001,123079.0,904
56003,91694.0,468
56005,77103.0,613
56007,164124.0,1304
56009,35724.0,212
56011,20995.0,102
56013,60955.0,786
56015,57302.0,385
56017,41711.0,174
56019,35724.0,262
56021,260982.0,1905
56023,47651.0,358
56025,200556.0,1533
56027,12699.0,102
56029,77098.0,550
56031,33485.0,266
56033,83319.0,418
56035,26519.0,105
56037,51336.0,704
56039,2290537.0,2214
56041,18799.0,230
56043,41283.0,142
56045,16456.0,124
66010,117743.0,280
72001,0.0,0
72003,914.0,28
72005,2244.0,53
72007,7772.0,17
72009,3000.0,2
72011,2193.0,11
72013,840.0,27
72015,0.0,0
72017,0.0,0
72019,0.0,0
72021,104671.0,380
72023,513.0,23
72025,51815.0,260
72027,85.0,13
72029,39461.0,226
72031,44910.0,455
72033,66286.0,241
72035,4132.0,13
72037,3835.0,27
72039,0.0,0
72041,3207.0,18
72043,7052.0,35
72045,0.0,0
72047,2026.0,6
72049,6300.0,19
72051,2376.0,16
72053,3835.0,27
72054,0.0,0
72055,2000.0,2
72057,75.0,3
72059,825.0,29
72061,104410.0,513
72063,9171.0,100
72065,840.0,27
72067,0.0,0
72069,1000.0,1
72071,1000.0,24
72073,0.0,0
72075,480.0,12
72077,6324.0,77
72079,483.0,21
72081,329.0,33
72083,0.0,0
72085,160.0,6
72087,28463.0,18
72089,777.0,23
72091,4461.0,23
72093,250.0,1
72095,0.0,0
72097,1344.0,19
72099,2960.0,21
72101,4220.0,21
72103,2073.0,136
72105,1779.0,66
72107,0.0,0
72109,75.0,3
72111,825.0,29
72113,18126.0,103
72115,162.0,7
72117,1766.0,8
72119,22193.0,9
72121,627.0,4
72123,1998.0,30
72125,52.0,2
72127,299195.0,1042
72129,7586.0,55
72131,2000.0,1
72133,1998.0,30
72135,5410.0,25
72137,9116.0,22
72139,60618.0,302
72141,22.0,1
72143,2576.0,15
72145,4461.0,23
72147,3120.0,8
72149,0.0,0
72151,1133.0,28
72153,2877.0,7
78010,27993.0,110
78020,1485.0,38
78030,7442.0,37
